{
  "accuracy": 0.7771129394166043,
  "balanced_accuracy": 0.7853113234385315,
  "micro_precision": 0.7771129394166043,
  "macro_precision": 0.7559450102097661,
  "micro_recall": 0.7771129394166043,
  "macro_recall": 0.7853113234385315,
  "micro_f1": 0.7771129394166043,
  "macro_f1": 0.7641258103015978
}