{
  "accuracy": 0.7699074074074074,
  "balanced_accuracy": 0.7693743794631263,
  "micro_precision": 0.7699074074074074,
  "macro_precision": 0.7447107191409361,
  "micro_recall": 0.7699074074074074,
  "macro_recall": 0.7693743794631263,
  "micro_f1": 0.7699074074074074,
  "macro_f1": 0.7475436592651334
}