{
  "accuracy": 0.8073929961089494,
  "balanced_accuracy": 0.8086996018729045,
  "micro_precision": 0.8073929961089494,
  "macro_precision": 0.6387869797041624,
  "micro_recall": 0.8073929961089494,
  "macro_recall": 0.673916334894087,
  "micro_f1": 0.8073929961089495,
  "macro_f1": 0.6538615594433025
}