{
  "accuracy": 0.7992565055762082,
  "balanced_accuracy": 0.8179534119180802,
  "micro_precision": 0.7992565055762082,
  "macro_precision": 0.6443610785939048,
  "micro_recall": 0.7992565055762082,
  "macro_recall": 0.6816278432650669,
  "micro_f1": 0.7992565055762082,
  "macro_f1": 0.6580995645412003
}