{
  "fold5": {
    "best_epoch": 2,
    "training_loss": 0.7483782305487385,
    "validation_loss": 0.551804232029341,
    "training_history": {
      "training_loss": [
        1.1033535471098601,
        0.8228218220713974,
        0.7483782305487385,
        0.5866876055168282,
        0.6040496443912701,
        0.4529114999408595,
        0.5005456633381354,
        0.372987709589714,
        0.4163780432616868,
        0.3245245365649316,
        0.3410852874965271,
        0.2981374337774205,
        0.2680387352562304,
        0.2927623306688251,
        0.21958355726518997
      ],
      "training_crop_accuracy": [
        0.5740115455832698,
        0.6829321424681407,
        0.70460734124823,
        0.7694150963947283,
        0.7636423047598301,
        0.8214791417056966,
        0.8029626402352685,
        0.8537196383836183,
        0.8332425661692626,
        0.8673347129942273,
        0.8596013506154013,
        0.8792070580546781,
        0.8934756562465962,
        0.8824746759612243,
        0.9070907308572052
      ],
      "training_crop_balanced_accuracy": [
        0.5850996789227557,
        0.7076795390989098,
        0.7330266872783024,
        0.794490392844701,
        0.7909626294133384,
        0.8428749216179895,
        0.8248729733894336,
        0.872007326940946,
        0.8545900969072671,
        0.8908608205357854,
        0.8775123470615158,
        0.8988393036068764,
        0.9101250473988962,
        0.8992243329545605,
        0.9242404437628973
      ],
      "training_image_accuracy": [
        0.5118293902032656,
        0.6267910696434522,
        0.6541152949016994,
        0.7237587470843052,
        0.7030989670109964,
        0.7724091969343552,
        0.7527490836387871,
        0.8040653115628124,
        0.7820726424525158,
        0.8103965344885038,
        0.8027324225258248,
        0.8233922025991336,
        0.8520493168943686,
        0.8363878707097634,
        0.8683772075974675
      ],
      "training_image_balanced_accuracy": [
        0.5090339933186218,
        0.6328099238372317,
        0.6643272243936501,
        0.7294173215205498,
        0.7166345736191161,
        0.7874265238350627,
        0.7612709555794197,
        0.808982440514585,
        0.7926568151135104,
        0.8256728180281749,
        0.8108422277114561,
        0.8329989303239453,
        0.8608446709840463,
        0.8485311766326178,
        0.8797243668214114
      ],
      "validation_loss": [
        0.6283743036324904,
        0.8578232233307314,
        0.551804232029341,
        0.7823241425492666,
        0.6665175749021983,
        0.7425997279079206,
        0.9185541909718266,
        0.8689366234608663,
        0.7899145832422964,
        0.6395491219615529,
        0.8244710804561179,
        0.8232496866891497,
        0.9810586977674965,
        0.9868280679333407,
        0.8511448014270407
      ],
      "validation_crop_accuracy": [
        0.7861942577886377,
        0.7251069028711057,
        0.8277336591325596,
        0.7623701893708003,
        0.8124618204031765,
        0.8045204642638973,
        0.8161270616982285,
        0.8332315210751374,
        0.7910812461820403,
        0.8411728772144166,
        0.805742211362248,
        0.8106291997556506,
        0.746487477092242,
        0.775198533903482,
        0.7965791081246182
      ],
      "validation_crop_balanced_accuracy": [
        0.7360375240174175,
        0.7458798333276487,
        0.8324711506758986,
        0.807999135941426,
        0.8352441249701558,
        0.8273988994622373,
        0.8109238036767966,
        0.8335227724911036,
        0.8429971463328672,
        0.8554616460315836,
        0.8149436088088498,
        0.8252245699603215,
        0.8100593187580294,
        0.8000074468206055,
        0.8278023920779471
      ],
      "validation_image_accuracy": [
        0.8037383177570093,
        0.7570093457943925,
        0.822429906542056,
        0.8037383177570093,
        0.8504672897196262,
        0.8317757009345794,
        0.8411214953271028,
        0.8504672897196262,
        0.8504672897196262,
        0.8691588785046729,
        0.8598130841121495,
        0.8411214953271028,
        0.794392523364486,
        0.8317757009345794,
        0.8504672897196262
      ],
      "validation_image_balanced_accuracy": [
        0.7539393939393941,
        0.78,
        0.8141414141414142,
        0.8428282828282828,
        0.8687878787878788,
        0.8552525252525254,
        0.8394949494949495,
        0.8485858585858586,
        0.8752525252525253,
        0.8776767676767676,
        0.8576767676767677,
        0.8496969696969696,
        0.8383838383838385,
        0.8443434343434344,
        0.8743434343434343
      ]
    }
  }
}