{
  "accuracy": 0.8070175438596491,
  "balanced_accuracy": 0.8231094148491879,
  "micro_precision": 0.8070175438596491,
  "macro_precision": 0.6407938743179017,
  "micro_recall": 0.8070175438596491,
  "macro_recall": 0.6859245123743233,
  "micro_f1": 0.8070175438596491,
  "macro_f1": 0.6584029530175021
}